id,cliente_id,endereco_id,data_pedido,status
86526,66117,1338,2024-07-29,pendente
68251,2369,563,2024-03-10,concluído
97134,11028,772,2024-07-01,cancelado
14699,14196,980,2024-06-15,cancelado
80326,62846,493,2024-03-19,concluído
37018,2369,563,2024-08-23,cancelado
61534,70858,1342,2024-05-17,concluído
7992,34020,256,2024-04-22,cancelado
15381,59041,310,2024-05-25,pendente
12966,77501,1641,2024-01-09,concluído
56456,89688,1512,2024-04-23,pendente
30003,33037,352,2024-03-15,concluído
32921,29025,1838,2024-06-01,pendente
22359,34291,957,2024-09-21,pendente
508,61908,962,2024-08-30,concluído
21808,62123,1886,2024-03-01,concluído
46363,10093,246,2024-02-18,concluído
20349,93041,533,2024-07-17,cancelado
92380,52703,1428,2024-04-16,cancelado
64773,21387,422,2024-02-28,cancelado
90112,81666,1158,2024-05-02,cancelado
86565,54692,142,2024-08-14,concluído
31258,87676,1093,2024-03-12,pendente
42574,89542,1782,2024-08-18,pendente
12415,82399,1574,2024-02-04,pendente
2572,35217,705,2024-02-20,cancelado
8490,70543,911,2024-02-16,concluído
19026,3779,1850,2024-05-20,cancelado
50853,28068,946,2024-05-01,concluído
80860,30048,662,2024-02-24,pendente
62785,51194,3,2024-10-09,concluído
88705,48185,645,2024-03-17,concluído
71919,83164,43,2024-03-31,pendente
55030,48789,175,2024-04-16,cancelado
52427,86808,18,2024-04-05,cancelado
20024,97957,1951,2024-09-14,cancelado
66335,4513,1289,2024-03-21,cancelado
25325,73376,1215,2024-03-03,cancelado
57812,20173,1665,2024-06-10,cancelado
59885,38534,1448,2024-06-01,cancelado
38981,71224,111,2024-04-30,cancelado
15946,54102,987,2024-08-21,concluído
52209,2776,362,2024-03-12,concluído
3082,72326,1775,2024-03-02,concluído
16038,46682,126,2024-01-06,pendente
29872,11975,1926,2024-05-17,pendente
40273,37833,1219,2024-08-06,cancelado
83089,47802,1726,2024-09-26,concluído
49989,91278,1205,2024-06-04,concluído
8974,27348,1955,2024-04-10,cancelado
70488,84312,1175,2024-03-02,concluído
21857,97247,497,2024-03-29,pendente
15136,74194,1835,2024-08-26,concluído
30147,12739,1561,2024-01-30,concluído
41656,53917,873,2024-10-09,pendente
40342,91209,1056,2024-04-26,pendente
99617,10093,247,2024-01-30,concluído
9245,56861,769,2024-04-15,cancelado
18459,71605,106,2024-02-25,cancelado
29429,77013,951,2024-02-26,concluído
36139,45890,1765,2024-03-27,pendente
49151,89688,1512,2024-01-29,pendente
43935,76564,597,2024-04-03,pendente
43823,63773,33,2024-03-26,concluído
95842,87676,1092,2024-01-15,cancelado
34161,27504,1148,2024-08-06,concluído
39596,91209,1056,2024-06-14,pendente
64042,6904,1830,2024-01-19,pendente
88738,11152,1852,2024-09-29,pendente
73439,66248,1796,2024-09-30,cancelado
87316,36343,1430,2024-03-22,concluído
42483,4351,1185,2024-07-13,cancelado
90482,66022,87,2024-01-23,concluído
14858,28811,220,2024-07-30,concluído
26362,41072,326,2024-05-06,cancelado
37037,42056,566,2024-03-12,concluído
45450,21143,1650,2024-05-14,concluído
70991,61624,1480,2024-10-11,cancelado
46246,91209,1056,2024-07-23,cancelado
59731,49929,441,2024-04-07,cancelado
93189,98768,969,2024-01-22,concluído
91427,52981,1971,2024-09-25,pendente
91262,46093,559,2024-04-15,pendente
23330,94008,319,2024-06-25,cancelado
31999,70197,1863,2024-05-25,concluído
19014,42056,566,2024-05-27,cancelado
89800,84187,1819,2024-04-12,concluído
66606,70103,828,2024-03-26,pendente
85195,86837,1209,2024-10-13,concluído
54042,84845,1066,2024-03-31,cancelado
98698,27810,17,2024-05-02,cancelado
87036,62371,164,2024-09-26,concluído
12562,88848,191,2024-08-04,pendente
11266,43018,551,2024-10-07,cancelado
31750,70128,1417,2024-05-26,pendente
13360,52861,489,2024-07-26,concluído
46158,79291,1297,2024-01-03,concluído
19076,86804,1199,2024-10-10,pendente
1076,31154,1181,2024-01-06,cancelado
4189,17929,1320,2024-01-04,cancelado
13214,18401,1689,2024-03-07,pendente
96514,64081,58,2024-08-08,pendente
40937,16404,567,2024-07-16,cancelado
80438,23962,132,2024-07-02,concluído
40821,77882,373,2024-07-19,concluído
59676,19911,1901,2024-06-03,concluído
85654,90204,1822,2024-02-01,pendente
98651,85082,1151,2024-07-18,pendente
37214,73301,185,2024-02-14,concluído
6021,49937,1472,2024-06-01,pendente
32218,63067,661,2024-06-09,cancelado
19122,76903,1381,2024-04-19,concluído
94816,59555,756,2024-06-08,concluído
4045,60335,1658,2024-05-01,pendente
29370,3660,312,2024-07-30,pendente
84340,74907,1894,2024-04-12,pendente
25949,56148,593,2024-10-09,concluído
26430,99707,660,2024-07-19,cancelado
69091,79291,1296,2024-03-06,pendente
3769,64081,58,2024-09-25,cancelado
32295,71384,1050,2024-06-04,pendente
25549,93185,654,2024-07-27,pendente
24553,71057,1070,2024-03-31,pendente
79928,70432,393,2024-09-23,concluído
28949,18944,1620,2024-04-06,cancelado
56693,63773,31,2024-10-16,pendente
8610,39637,213,2024-04-28,pendente
32599,72613,926,2024-10-17,pendente
84419,34397,1159,2024-05-14,concluído
25266,34635,727,2024-07-06,pendente
65633,59555,756,2024-01-23,pendente
13852,81373,960,2024-06-13,pendente
99171,79514,372,2024-06-26,concluído
75940,45171,324,2024-04-08,pendente
90460,78826,306,2024-01-06,cancelado
12122,80628,1938,2024-01-30,cancelado
36391,11028,772,2024-03-29,pendente
65535,19699,783,2024-05-31,cancelado
31293,18573,1648,2024-09-28,pendente
29076,25214,1454,2024-05-13,pendente
92057,59825,1787,2024-09-28,concluído
30270,76564,596,2024-09-01,cancelado
91386,7493,46,2024-07-25,concluído
34246,27773,182,2024-03-02,cancelado
13415,42034,1078,2024-06-17,cancelado
59646,17257,1846,2024-01-02,pendente
97960,86279,1192,2024-05-31,cancelado
96612,73164,259,2024-09-07,cancelado
1661,91032,114,2024-05-26,cancelado
80444,25252,1881,2024-06-21,cancelado
40425,59232,1843,2024-03-19,concluído
60753,45280,1384,2024-06-24,concluído
53757,71224,110,2024-04-28,cancelado
29177,90637,1065,2024-05-02,pendente
76879,81954,197,2024-06-21,pendente
23219,44637,1281,2024-02-17,cancelado
72654,34577,1736,2024-04-19,cancelado
29472,86189,410,2024-07-31,concluído
30926,59045,451,2024-04-14,concluído
70966,21111,1046,2024-03-14,cancelado
19606,58523,425,2024-06-03,concluído
27824,60067,584,2024-01-12,pendente
93311,16404,568,2024-03-17,pendente
96083,67268,65,2024-05-10,cancelado
78390,94888,690,2024-03-18,cancelado
66372,18593,924,2024-09-07,concluído
22886,28894,1207,2024-08-21,concluído
7896,60434,1222,2024-06-23,pendente
31792,94416,1370,2024-07-02,pendente
78716,11162,581,2024-03-16,concluído
95002,52467,172,2024-08-29,cancelado
62043,47599,1450,2024-01-01,pendente
13995,48401,912,2024-09-21,concluído
88952,96282,927,2024-10-17,pendente
28484,34397,1161,2024-06-04,pendente
38348,19092,385,2024-08-13,cancelado
17869,19999,1585,2024-07-28,concluído
54756,45733,1764,2024-06-21,concluído
83275,47366,843,2024-09-18,pendente
73936,65842,315,2024-04-13,concluído
8782,96950,1007,2024-09-09,cancelado
71003,78522,62,2024-02-10,pendente
59315,16404,569,2024-03-20,cancelado
1844,68570,1108,2024-04-15,concluído
9926,57583,1922,2024-08-14,cancelado
83121,34020,256,2024-06-28,cancelado
76071,60495,1084,2024-05-12,cancelado
16938,97849,1279,2024-01-25,pendente
14566,70103,829,2024-05-23,pendente
78519,85675,230,2024-01-11,pendente
26780,82474,401,2024-03-12,cancelado
18735,65325,930,2024-08-13,pendente
39963,66888,1656,2024-09-21,cancelado
67852,87676,1092,2024-06-07,pendente
91301,51551,368,2024-09-01,pendente
35990,13948,1128,2024-02-06,concluído
67745,6904,1829,2024-07-28,pendente
15559,53066,198,2024-04-23,cancelado
40258,99695,818,2024-06-17,pendente
66106,31621,1604,2024-06-04,cancelado
9998,67828,928,2024-08-16,pendente
73407,14121,136,2024-05-19,cancelado
7133,22052,1193,2024-07-23,pendente
49579,20173,1665,2024-09-05,cancelado
59242,63163,147,2024-06-19,pendente
14248,62846,494,2024-04-10,cancelado
29153,69234,1741,2024-09-26,cancelado
21987,60495,1083,2024-09-11,cancelado
50975,61908,962,2024-01-13,cancelado
67403,75297,792,2024-01-23,pendente
86905,57583,1922,2024-02-09,cancelado
81111,73301,185,2024-02-20,cancelado
48371,65142,1499,2024-08-25,pendente
16565,93205,510,2024-01-24,pendente
58631,39429,1031,2024-09-04,concluído
474,32595,1784,2024-07-12,pendente
5431,23966,849,2024-10-15,cancelado
42929,18401,1689,2024-03-31,cancelado
78735,32794,140,2024-05-20,pendente
11200,4803,600,2024-04-05,concluído
30222,43018,551,2024-08-07,pendente
10546,71384,1052,2024-09-08,concluído
70009,6158,1027,2024-10-12,cancelado
36304,31302,863,2024-02-26,pendente
55428,93766,1344,2024-03-30,cancelado
93541,71057,1070,2024-09-29,pendente
59664,5165,439,2024-09-24,concluído
17531,44962,377,2024-09-24,cancelado
54022,83131,558,2024-07-02,concluído
54548,31924,982,2024-07-22,cancelado
47073,72613,926,2024-07-27,cancelado
76728,44978,69,2024-04-12,cancelado
78925,89859,1671,2024-02-27,concluído
97819,36217,305,2024-10-05,pendente
81164,80244,407,2024-02-08,cancelado
2051,64629,1400,2024-07-13,pendente
60314,84131,119,2024-03-17,cancelado
6271,47366,843,2024-03-01,pendente
6883,82580,1062,2024-01-09,cancelado
87121,60535,34,2024-03-10,cancelado
1253,50103,258,2024-09-13,concluído
26804,69977,1213,2024-03-29,cancelado
39145,86804,1199,2024-07-05,cancelado
26374,25214,1454,2024-09-24,cancelado
2478,30798,1683,2024-09-29,pendente
96730,20545,1833,2024-09-05,concluído
34022,63262,1515,2024-10-14,concluído
874,49653,722,2024-03-19,pendente
56221,82677,67,2024-08-03,concluído
24809,6904,1830,2024-01-18,concluído
78962,43073,233,2024-04-24,concluído
59579,71195,429,2024-03-27,pendente
49339,42379,1644,2024-06-14,pendente
33317,16404,567,2024-04-08,cancelado
78900,47307,677,2024-08-14,cancelado
71896,75297,792,2024-09-04,cancelado
21814,1776,495,2024-02-13,pendente
45351,98634,391,2024-07-17,concluído
63946,39890,1124,2024-01-24,pendente
49952,80645,971,2024-02-03,cancelado
58067,10806,379,2024-05-27,pendente
68109,68327,1455,2024-06-05,concluído
21183,65108,963,2024-05-25,cancelado
17795,89635,708,2024-06-19,pendente
74180,99241,991,2024-06-04,pendente
49365,97849,1279,2024-02-26,cancelado
63925,70103,829,2024-02-07,concluído
99958,31924,981,2024-06-24,concluído
54159,92640,1527,2024-01-29,concluído
49586,27429,1481,2024-02-10,concluído
84713,21051,500,2024-10-04,cancelado
19725,2938,644,2024-01-30,concluído
40813,51664,1135,2024-04-25,cancelado
54155,20951,358,2024-08-18,pendente
641,75517,812,2024-07-23,concluído
58820,29871,91,2024-06-15,cancelado
31685,67828,929,2024-03-30,pendente
88601,62371,163,2024-03-13,pendente
55280,38197,1596,2024-06-15,pendente
83711,64571,1285,2024-07-03,concluído
40135,66616,1911,2024-01-29,concluído
97457,6927,713,2024-09-15,cancelado
92150,28251,1380,2024-07-31,concluído
53767,60434,1224,2024-03-18,pendente
5459,63983,1738,2024-04-01,concluído
59763,74435,1749,2024-04-03,cancelado
24641,91451,1630,2024-03-02,pendente
19604,13716,888,2024-02-08,cancelado
25267,81934,977,2024-08-03,pendente
50649,1632,1410,2024-10-11,concluído
11326,44962,377,2024-06-09,concluído
50098,69102,1511,2024-06-05,concluído
6380,89635,707,2024-05-13,concluído
52545,11162,582,2024-02-08,concluído
59960,87855,1405,2024-03-21,concluído
61178,98502,915,2024-04-09,cancelado
64462,97639,1246,2024-01-28,cancelado
91002,68479,454,2024-10-13,cancelado
26529,14121,136,2024-04-03,cancelado
9166,4633,1551,2024-04-06,pendente
39897,23966,849,2024-01-15,concluído
22042,31154,1181,2024-01-18,cancelado
97238,31924,981,2024-06-02,pendente
33335,18944,1620,2024-08-29,cancelado
17937,26818,415,2024-05-06,concluído
5152,48725,1899,2024-03-25,cancelado
14160,18385,295,2024-03-17,pendente
44778,85033,1860,2024-10-10,pendente
96550,83465,1105,2024-02-05,pendente
67771,65091,903,2024-04-12,concluído
78895,71195,429,2024-09-11,pendente
47560,96963,423,2024-04-16,concluído
16400,10890,1317,2024-05-05,cancelado
71457,64571,1286,2024-09-09,concluído
90137,42379,1644,2024-09-05,concluído
15298,46674,129,2024-09-25,concluído
14602,91372,103,2024-03-17,cancelado
52341,26856,1674,2024-08-30,concluído
46991,90314,81,2024-09-02,cancelado
96247,22755,524,2024-08-06,cancelado
83096,40182,1119,2024-05-05,cancelado
76625,68479,453,2024-10-02,concluído
32208,88393,1486,2024-01-02,concluído
7116,89859,1670,2024-01-09,pendente
74446,82431,544,2024-03-19,pendente
38842,4167,218,2024-05-23,pendente
88105,26869,1487,2024-08-19,cancelado
61430,77501,1642,2024-06-04,cancelado
9511,76906,1053,2024-02-13,pendente
82916,24602,1785,2024-09-22,concluído
68629,53428,168,2024-05-11,pendente
65972,11264,1465,2024-03-25,pendente
30663,45476,1133,2024-08-05,concluído
54627,90037,1383,2024-07-20,pendente
38554,19656,204,2024-04-16,pendente
36460,46788,96,2024-08-28,cancelado
69571,4633,1549,2024-07-08,pendente
25751,10294,1004,2024-07-25,pendente
46455,41072,326,2024-05-08,cancelado
10678,39319,366,2024-01-18,pendente
20664,64966,1858,2024-05-12,concluído
54493,95328,86,2024-09-14,pendente
65663,4160,1702,2024-04-04,cancelado
45122,69468,830,2024-08-01,cancelado
71103,66550,1475,2024-03-12,concluído
73873,85923,146,2024-05-14,concluído
38938,78321,308,2024-02-20,concluído
47208,66550,1475,2024-10-08,cancelado
54180,40167,601,2024-02-02,pendente
39208,18385,295,2024-09-11,pendente
70374,48380,1890,2024-01-15,pendente
93574,75342,684,2024-05-16,concluído
82186,25214,1454,2024-07-12,cancelado
7341,72017,340,2024-02-03,cancelado
90324,42379,1643,2024-03-23,concluído
70382,69965,461,2024-02-26,concluído
5500,5474,1270,2024-02-02,cancelado
65949,64081,58,2024-09-15,pendente
3907,27979,344,2024-09-24,pendente
75527,91683,944,2024-02-06,pendente
24901,9051,1805,2024-04-03,concluído
44045,86808,18,2024-05-05,pendente
13215,59040,1757,2024-06-11,cancelado
35672,56198,77,2024-01-15,concluído
79742,64642,1425,2024-04-24,cancelado
29817,8631,1442,2024-06-17,pendente
53280,93871,1530,2024-01-07,cancelado
41232,54862,674,2024-06-05,cancelado
72641,1079,1180,2024-09-26,pendente
10568,1193,1340,2024-08-17,pendente
7785,5474,1270,2024-09-06,concluído
74237,61988,821,2024-01-10,concluído
46036,38624,336,2024-02-19,cancelado
13820,24602,1786,2024-09-29,pendente
92525,78826,306,2024-07-12,cancelado
20837,47869,673,2024-01-07,pendente
72459,51186,687,2024-10-06,cancelado
84363,11028,772,2024-04-20,pendente
75171,91385,56,2024-08-18,pendente
10199,49038,1943,2024-06-02,pendente
58234,45280,1384,2024-07-13,pendente
18012,64019,1932,2024-06-26,concluído
72387,51406,1077,2024-01-15,cancelado
97995,68327,1455,2024-02-10,cancelado
58607,1507,619,2024-07-14,cancelado
15195,42056,565,2024-05-05,pendente
16205,44869,1414,2024-03-27,pendente
21181,98768,969,2024-02-21,pendente
75672,14070,127,2024-06-16,cancelado
94001,63784,632,2024-05-22,cancelado
88687,65988,474,2024-07-01,cancelado
84533,46983,978,2024-09-15,concluído
83274,19445,750,2024-06-25,concluído
12870,73009,574,2024-08-26,concluído
81446,82469,1825,2024-07-27,pendente
70640,1632,1410,2024-04-09,pendente
77325,39637,214,2024-09-09,cancelado
14524,28480,166,2024-09-16,pendente
36344,43720,157,2024-02-12,concluído
51141,13687,802,2024-05-13,cancelado
29861,67388,1485,2024-02-09,pendente
37294,35217,705,2024-01-24,cancelado
43129,68311,1172,2024-03-07,concluído
20751,74640,1396,2024-09-19,cancelado
47830,28894,1207,2024-06-19,pendente
91684,31639,360,2024-08-16,pendente
94409,65325,930,2024-01-05,pendente
29049,65260,630,2024-08-06,pendente
67947,28068,947,2024-05-13,concluído
89552,15810,560,2024-09-01,pendente
95631,20173,1665,2024-09-23,cancelado
46996,44212,827,2024-06-17,concluído
74067,10093,246,2024-01-26,pendente
10511,4513,1290,2024-07-10,pendente
12631,29378,813,2024-03-27,cancelado
49355,62846,493,2024-01-21,cancelado
47304,51845,854,2024-02-12,cancelado
66514,27662,877,2024-03-11,cancelado
96074,1546,450,2024-05-24,pendente
66833,73164,260,2024-01-01,pendente
29069,27348,1955,2024-07-27,cancelado
26082,93185,653,2024-07-06,cancelado
23095,59728,1163,2024-01-21,cancelado
88651,88749,1048,2024-01-02,concluído
41169,8698,1117,2024-03-22,concluído
94818,65988,473,2024-05-17,cancelado
71315,78522,63,2024-03-02,pendente
63661,80331,210,2024-10-10,cancelado
2195,85033,1860,2024-03-27,pendente
83794,89755,472,2024-03-20,cancelado
88928,62846,493,2024-06-06,concluído
33184,66117,1338,2024-08-21,cancelado
73871,25252,1881,2024-08-09,pendente
47598,76903,1381,2024-05-03,cancelado
35418,22318,1390,2024-07-28,cancelado
52987,71935,797,2024-04-25,pendente
93326,10771,1584,2024-02-14,pendente
38339,8824,35,2024-04-23,cancelado
34639,48380,1889,2024-02-02,pendente
38304,82431,545,2024-08-26,cancelado
95060,82580,1062,2024-02-14,cancelado
21382,11162,582,2024-09-23,cancelado
44445,34363,299,2024-10-01,pendente
29682,30976,666,2024-10-10,pendente
36035,63773,31,2024-08-17,pendente
53376,90,1294,2024-06-20,pendente
1002,64839,240,2024-02-19,cancelado
764,28772,1282,2024-08-26,concluído
66599,16315,1067,2024-07-06,concluído
81548,71032,817,2024-04-03,pendente
66541,32135,396,2024-07-11,cancelado
21585,61624,1480,2024-02-22,cancelado
17197,8824,35,2024-08-17,pendente
4475,77501,1642,2024-08-06,pendente
44355,84845,1066,2024-01-30,concluído
36369,31586,1541,2024-05-11,cancelado
78008,13408,94,2024-05-12,concluído
21437,51360,1058,2024-07-21,concluído
84745,86189,408,2024-01-28,concluído
25625,42460,112,2024-10-10,concluído
91297,81666,1158,2024-08-20,pendente
47466,92959,288,2024-04-17,pendente
94081,11542,1168,2024-01-12,cancelado
4088,48669,791,2024-06-18,cancelado
12333,31924,981,2024-04-04,cancelado
26675,91369,11,2024-10-10,pendente
19484,28263,857,2024-01-09,pendente
26918,26074,989,2024-06-16,concluído
33651,30942,301,2024-03-10,pendente
7920,22052,1193,2024-02-10,concluído
66901,1776,495,2024-07-21,cancelado
3823,12654,45,2024-05-29,pendente
7160,46983,978,2024-07-02,concluído
97066,76921,1473,2024-04-24,concluído
3422,46822,158,2024-05-04,concluído
14425,96129,443,2024-05-11,pendente
84616,73403,1483,2024-01-25,cancelado
39684,80616,686,2024-06-01,pendente
75336,69468,830,2024-03-11,cancelado
29962,53795,1892,2024-06-02,concluído
45831,60535,34,2024-07-03,cancelado
66842,91385,56,2024-03-01,pendente
1540,95328,86,2024-04-27,cancelado
41677,5407,1234,2024-10-09,pendente
24695,87676,1092,2024-06-11,cancelado
68846,71605,106,2024-07-22,concluído
81069,38222,355,2024-02-11,pendente
98813,83754,548,2024-01-05,pendente
53903,34289,477,2024-05-06,pendente
58420,34363,298,2024-10-01,cancelado
29511,58626,998,2024-01-07,cancelado
53875,37288,1037,2024-08-29,cancelado
72480,44869,1414,2024-05-30,concluído
5501,84312,1174,2024-10-10,cancelado
11024,76843,223,2024-08-18,pendente
67072,92851,1910,2024-05-01,pendente
87018,67268,65,2024-02-19,concluído
6210,70543,911,2024-01-02,cancelado
71287,65409,939,2024-02-27,concluído
63517,4435,861,2024-09-08,concluído
2470,71224,110,2024-06-06,cancelado
30500,80187,1914,2024-07-15,pendente
59967,99025,53,2024-06-29,pendente
23496,12143,123,2024-08-05,pendente
70341,81666,1158,2024-08-15,concluído
24364,91209,1056,2024-07-12,cancelado
13578,72037,1528,2024-10-09,concluído
425,63781,1238,2024-03-23,concluído
84827,70103,829,2024-09-25,cancelado
20623,22553,504,2024-06-13,cancelado
9531,25252,1879,2024-09-07,cancelado
66777,95339,1616,2024-05-03,cancelado
20037,59892,292,2024-07-18,pendente
47512,63784,632,2024-05-31,cancelado
50661,98502,915,2024-04-05,cancelado
63856,71992,952,2024-05-12,pendente
95249,95315,1540,2024-05-11,cancelado
85774,80312,525,2024-08-03,cancelado
71064,52467,172,2024-03-07,cancelado
7214,22318,1389,2024-03-02,cancelado
8489,81918,1423,2024-05-22,concluído
54045,43701,1919,2024-09-22,cancelado
62759,48401,912,2024-06-27,pendente
77332,86808,18,2024-07-25,pendente
91145,53066,198,2024-08-28,cancelado
15662,59045,451,2024-08-25,pendente
91692,48992,491,2024-10-06,cancelado
51195,87861,1925,2024-02-08,concluído
70228,90519,965,2024-04-24,concluído
16213,78328,1314,2024-07-25,pendente
74704,25391,121,2024-08-08,pendente
84552,63443,1275,2024-03-07,concluído
51464,39340,1884,2024-01-30,pendente
38827,74643,1304,2024-02-23,concluído
43555,36343,1430,2024-09-01,pendente
33929,26934,1329,2024-02-21,cancelado
82971,51986,536,2024-06-26,pendente
43235,12806,212,2024-03-25,cancelado
47231,23183,1226,2024-01-16,pendente
82403,95934,1803,2024-05-09,cancelado
41048,96950,1008,2024-03-19,pendente
77697,63732,539,2024-10-02,pendente
19062,93587,966,2024-02-15,concluído
6022,37704,1869,2024-10-01,cancelado
96694,8930,438,2024-08-28,concluído
50167,23905,1566,2024-06-15,concluído
85623,63781,1240,2024-08-16,concluído
14551,2428,591,2024-08-10,cancelado
83186,73301,185,2024-05-23,concluído
39140,90637,1064,2024-04-12,pendente
57650,1546,448,2024-05-30,pendente
52106,38222,355,2024-01-25,pendente
24247,17257,1846,2024-04-18,cancelado
45121,12813,1565,2024-03-30,pendente
56891,27085,1904,2024-09-24,cancelado
95332,62123,1886,2024-04-10,cancelado
10596,23622,1254,2024-07-13,pendente
59912,81170,1440,2024-05-02,concluído
36495,325,282,2024-04-26,cancelado
92665,74718,588,2024-06-06,cancelado
86121,44637,1281,2024-06-11,concluído
16045,41759,1047,2024-05-29,cancelado
80978,83164,43,2024-03-01,concluído
98640,68327,1455,2024-04-23,concluído
19776,57182,1034,2024-01-29,pendente
62153,3869,1187,2024-08-31,pendente
48595,40555,471,2024-01-11,concluído
52557,26599,531,2024-07-16,concluído
31155,88388,320,2024-08-08,pendente
78528,77130,1432,2024-09-25,cancelado
68895,9935,1601,2024-09-07,pendente
38901,86808,18,2024-07-20,cancelado
18282,78107,440,2024-01-08,concluído
62011,12455,1844,2024-06-06,concluído
15805,64081,58,2024-06-22,pendente
58824,9873,25,2024-06-12,cancelado
38087,32280,1964,2024-05-20,cancelado
14585,28068,945,2024-07-03,concluído
94871,22553,504,2024-04-08,cancelado
11819,89635,707,2024-09-14,cancelado
7641,27348,1955,2024-06-29,concluído
39576,98634,391,2024-05-05,concluído
19599,9442,649,2024-01-16,concluído
50022,92391,521,2024-06-23,concluído
17545,55460,226,2024-08-17,concluído
62138,91385,56,2024-10-03,concluído
61517,27686,484,2024-06-15,pendente
23510,40182,1120,2024-05-17,pendente
14948,25789,1253,2024-10-07,pendente
58494,15810,560,2024-08-10,cancelado
16530,34715,1813,2024-06-17,concluído
78786,34020,256,2024-08-05,concluído
70230,16032,810,2024-08-25,concluído
34594,19092,385,2024-01-14,concluído
23885,71102,886,2024-03-24,concluído
10293,26343,1183,2024-10-07,concluído
24376,69977,1214,2024-09-29,concluído
85132,89900,460,2024-06-13,pendente
74805,20613,1845,2024-04-10,pendente
34879,93041,533,2024-06-24,concluído
47722,46093,559,2024-01-31,cancelado
3392,93587,966,2024-05-23,cancelado
28099,30976,666,2024-07-26,pendente
96600,41072,326,2024-03-19,pendente
54096,93525,20,2024-03-26,concluído
18942,44293,882,2024-04-27,pendente
85974,13408,93,2024-08-14,concluído
82220,22056,1446,2024-02-06,cancelado
99543,99125,1877,2024-07-30,concluído
14643,21691,846,2024-04-26,pendente
61982,28057,718,2024-04-15,concluído
74185,47129,1618,2024-01-25,concluído
40225,83131,558,2024-08-10,cancelado
92460,89859,1671,2024-03-13,concluído
71201,61988,820,2024-03-30,concluído
66887,97849,1279,2024-05-31,concluído
28848,15983,728,2024-04-17,concluído
47218,16292,88,2024-01-20,cancelado
35895,75963,356,2024-09-17,pendente
10778,4513,1290,2024-04-16,concluído
1845,78281,773,2024-09-23,concluído
49125,82316,519,2024-04-05,cancelado
29946,47684,1421,2024-06-12,cancelado
69077,99404,30,2024-08-17,concluído
4592,51043,740,2024-07-17,pendente
91035,56675,1606,2024-04-05,concluído
34007,80262,1251,2024-04-09,cancelado
43946,86804,1198,2024-06-22,pendente
68239,97957,1951,2024-01-03,concluído
89304,35796,57,2024-09-29,cancelado
33465,20773,1097,2024-04-01,concluído
87460,34715,1813,2024-10-12,pendente
33284,67944,790,2024-09-07,pendente
47403,28480,165,2024-09-12,pendente
48006,51075,537,2024-10-14,concluído
38973,92391,521,2024-08-28,concluído
56378,45611,1283,2024-08-11,pendente
12931,70128,1417,2024-10-15,pendente
96364,54102,986,2024-01-13,pendente
34899,69084,1328,2024-09-15,pendente
37705,88388,320,2024-02-16,cancelado
95299,24602,1785,2024-02-15,pendente
47616,4289,1165,2024-06-14,pendente
84715,4025,1669,2024-08-25,pendente
17284,66616,1911,2024-02-14,cancelado
52731,4513,1291,2024-03-10,concluído
24817,80331,211,2024-07-05,pendente
12871,1193,1340,2024-09-12,concluído
31178,58113,1930,2024-09-25,concluído
49414,81373,960,2024-03-04,cancelado
45825,75294,1578,2024-09-23,pendente
48640,32634,777,2024-10-07,pendente
52065,80045,652,2024-03-13,concluído
98861,37242,703,2024-08-11,cancelado
13482,76499,1256,2024-08-08,pendente
81991,58834,1590,2024-05-03,pendente
43214,64839,241,2024-05-24,concluído
32330,10806,379,2024-09-18,concluído
78738,27504,1146,2024-10-17,pendente
7784,51986,536,2024-05-23,concluído
20508,21646,1431,2024-08-24,pendente
95420,28772,1282,2024-01-15,pendente
70075,41759,1047,2024-06-14,concluído
2922,84277,1891,2024-05-13,concluído
43643,23525,1167,2024-01-04,pendente
15987,21051,501,2024-09-26,cancelado
72706,8698,1116,2024-06-16,pendente
90010,6452,1788,2024-03-25,cancelado
73898,43261,190,2024-07-10,cancelado
31701,26917,371,2024-01-04,pendente
51153,8277,1548,2024-01-11,concluído
97123,59766,1385,2024-04-12,pendente
50727,76777,208,2024-06-14,cancelado
32803,3660,312,2024-07-12,concluído
83355,81399,1398,2024-05-09,pendente
35650,42034,1078,2024-03-03,cancelado
62213,55889,1599,2024-02-20,pendente
7119,37288,1038,2024-05-02,cancelado
35952,16356,75,2024-03-05,concluído
92930,59040,1757,2024-10-15,concluído
68091,73089,825,2024-01-16,cancelado
60441,31625,1216,2024-09-02,pendente
92972,51360,1057,2024-07-08,cancelado
75943,43701,1919,2024-07-16,pendente
20115,45898,638,2024-02-21,pendente
57749,53979,1917,2024-03-16,pendente
68766,44264,284,2024-03-21,pendente
90483,20997,1518,2024-04-04,concluído
54602,83754,548,2024-07-27,cancelado
7066,98302,1811,2024-06-07,pendente
84471,81873,402,2024-04-18,pendente
15358,46682,126,2024-03-03,cancelado
96153,63429,742,2024-08-30,cancelado
92443,47994,670,2024-10-04,concluído
56786,65987,1249,2024-08-27,concluído
90414,35867,1958,2024-05-15,concluído
85653,82474,401,2024-02-09,pendente
91124,6158,1027,2024-05-16,concluído
12858,15386,1723,2024-06-08,cancelado
19465,4374,263,2024-04-10,concluído
79071,10140,1211,2024-08-27,pendente
2171,78857,1456,2024-03-08,pendente
16723,29378,813,2024-01-17,cancelado
73646,8028,232,2024-06-28,concluído
66577,70580,704,2024-01-06,cancelado
36723,92103,1915,2024-06-08,concluído
22243,73089,824,2024-07-01,pendente
53046,12765,1640,2024-08-01,concluído
74181,80628,1937,2024-04-23,concluído
51602,26856,1673,2024-02-18,pendente
16586,65975,1429,2024-04-26,pendente
88569,79352,894,2024-10-02,pendente
43161,83164,43,2024-08-31,concluído
93076,76433,1939,2024-01-24,concluído
20321,28894,1208,2024-04-29,pendente
69277,93525,20,2024-09-23,concluído
39562,11362,273,2024-10-14,pendente
88204,73403,1483,2024-01-25,cancelado
99823,65988,473,2024-02-04,concluído
54160,54830,994,2024-08-18,cancelado
82046,47596,936,2024-05-12,cancelado
63565,4633,1551,2024-05-17,pendente
64835,89626,842,2024-08-16,cancelado
52713,39132,102,2024-05-27,pendente
12236,40901,1872,2024-09-22,pendente
5016,13948,1128,2024-07-08,cancelado
4474,44928,137,2024-05-02,pendente
14916,30942,302,2024-01-21,pendente
13438,51009,73,2024-06-22,concluído
24023,93871,1531,2024-06-14,pendente
53547,71605,107,2024-09-09,concluído
11755,59728,1163,2024-04-10,cancelado
50012,69234,1741,2024-07-10,concluído
91268,81934,976,2024-03-04,pendente
31900,57583,1921,2024-02-22,cancelado
11681,68570,1109,2024-01-13,pendente
36989,54206,602,2024-04-09,cancelado
44139,93646,381,2024-06-28,cancelado
32685,34289,475,2024-08-07,concluído
24638,81399,1398,2024-02-03,pendente
24633,10217,1015,2024-03-01,cancelado
2793,61278,239,2024-03-30,pendente
67135,2369,563,2024-03-14,cancelado
83788,62977,1662,2024-10-11,cancelado
35124,92309,376,2024-07-08,pendente
54355,20163,1457,2024-07-17,concluído
93090,19656,205,2024-08-10,pendente
36801,67388,1485,2024-03-01,cancelado
39401,40255,28,2024-08-19,pendente
72246,49038,1944,2024-06-23,concluído
65025,99170,243,2024-01-14,concluído
86454,48185,645,2024-06-22,pendente
2148,19656,204,2024-09-18,cancelado
73070,39353,1505,2024-01-01,concluído
54200,82677,66,2024-01-01,pendente
48864,19656,205,2024-04-01,pendente
19442,50045,984,2024-07-28,cancelado
45298,27686,485,2024-05-17,pendente
28334,11975,1926,2024-07-25,cancelado
10032,77013,949,2024-07-20,cancelado
41504,9550,262,2024-10-03,concluído
56119,36540,627,2024-10-15,pendente
45310,27348,1955,2024-07-14,cancelado
92896,60834,542,2024-10-05,cancelado
82560,16356,75,2024-09-15,cancelado
56104,97247,497,2024-07-18,pendente
10584,2488,1140,2024-10-06,pendente
82026,75342,683,2024-10-17,concluído
85823,93525,19,2024-07-07,cancelado
67053,80428,1745,2024-01-22,cancelado
49820,46776,1767,2024-05-06,cancelado
3088,61670,624,2024-08-05,concluído
83550,55250,1611,2024-07-11,concluído
48272,88617,328,2024-06-09,concluído
46117,8571,109,2024-07-28,pendente
86704,98502,914,2024-06-22,cancelado
70454,54248,921,2024-01-26,cancelado
48264,42460,113,2024-02-05,pendente
70250,45521,1001,2024-08-21,pendente
24513,36548,1387,2024-01-31,pendente
74906,4608,1232,2024-03-10,pendente
56610,73301,186,2024-02-22,pendente
57629,23937,1502,2024-04-25,cancelado
87213,48401,912,2024-05-30,cancelado
22801,79078,1956,2024-08-07,concluído
63599,81005,254,2024-02-26,cancelado
83560,4633,1549,2024-03-26,cancelado
68365,81373,959,2024-03-08,cancelado
3005,53969,675,2024-09-08,pendente
53762,51194,3,2024-07-05,pendente
10490,76134,1177,2024-10-01,pendente
26939,23207,1087,2024-03-09,cancelado
69094,84729,604,2024-05-15,cancelado
83339,84388,1898,2024-07-24,pendente
26457,50882,1426,2024-05-21,cancelado
62530,22913,780,2024-10-13,pendente
9193,11358,1632,2024-03-08,concluído
7292,15386,1723,2024-01-07,concluído
83744,58257,1149,2024-01-30,pendente
38700,34199,276,2024-05-23,pendente
279,61048,1519,2024-02-23,concluído
99036,21984,1696,2024-05-24,pendente
24307,11162,581,2024-09-22,concluído
50434,32373,762,2024-06-29,concluído
98741,80225,586,2024-05-19,concluído
80305,34577,1736,2024-09-08,pendente
93612,70432,393,2024-02-06,concluído
37745,22400,1403,2024-10-01,cancelado
64429,51845,853,2024-08-05,pendente
87689,94056,910,2024-06-26,pendente
25532,80244,407,2024-06-11,pendente
66706,59232,1843,2024-06-14,concluído
86078,77118,1773,2024-05-05,pendente
44056,90900,1552,2024-05-02,concluído
82277,45611,1284,2024-04-19,pendente
83347,92809,1848,2024-06-26,pendente
76028,22318,1390,2024-09-28,pendente
87779,92309,375,2024-03-17,cancelado
4996,73164,260,2024-03-01,cancelado
86180,51845,854,2024-10-16,pendente
13455,3546,503,2024-08-22,pendente
39077,46788,95,2024-01-10,pendente
95187,58626,998,2024-07-14,concluído
1782,60219,729,2024-08-21,pendente
96812,80879,1076,2024-01-14,concluído
65033,43875,1533,2024-08-15,pendente
84361,47307,677,2024-10-01,pendente
81523,15983,728,2024-05-10,concluído
91420,6452,1788,2024-08-07,cancelado
9150,42379,1644,2024-03-16,concluído
47919,59555,756,2024-09-27,pendente
68609,27504,1147,2024-09-22,cancelado
99752,60335,1658,2024-05-05,cancelado
76819,6464,836,2024-04-12,pendente
87356,31639,360,2024-05-22,pendente
3695,82431,544,2024-03-19,cancelado
6736,16292,88,2024-09-30,cancelado
60645,42460,113,2024-03-30,concluído
39300,2587,1262,2024-06-14,concluído
58989,25035,1265,2024-05-20,cancelado
39455,26869,1487,2024-04-06,concluído
48715,29287,457,2024-09-11,pendente
41271,99109,1752,2024-06-05,cancelado
81826,5474,1270,2024-04-28,concluído
31884,76777,209,2024-05-03,pendente
34005,15810,560,2024-07-30,cancelado
35805,53344,1923,2024-09-08,pendente
27269,85372,1496,2024-05-10,concluído
86876,28675,1826,2024-08-31,cancelado
65357,24365,699,2024-01-13,cancelado
86587,69468,830,2024-01-02,cancelado
2851,250,954,2024-08-28,concluído
35204,90026,1349,2024-05-22,cancelado
8658,69977,1214,2024-06-29,concluído
43015,19999,1585,2024-06-01,concluído
90602,50787,481,2024-07-14,concluído
79621,98768,969,2024-09-12,pendente
58360,46983,978,2024-03-20,concluído
30260,83848,154,2024-08-09,pendente
73215,61113,804,2024-03-01,concluído
62313,81373,960,2024-03-15,pendente
12660,92959,290,2024-03-05,pendente
92467,7842,607,2024-05-08,pendente
90462,34070,1965,2024-09-25,pendente
57287,65987,1249,2024-06-24,cancelado
68616,92809,1848,2024-08-01,cancelado
52774,59045,451,2024-06-17,pendente
57465,69468,830,2024-09-04,pendente
26210,4705,749,2024-06-13,cancelado
36787,42379,1644,2024-05-01,cancelado
60771,41412,1350,2024-10-16,concluído
27880,1141,1653,2024-08-12,concluído
11268,74528,1482,2024-10-13,cancelado
21732,4435,862,2024-08-07,pendente
43503,55640,1090,2024-08-18,concluído
85806,27504,1148,2024-06-12,cancelado
98169,10140,1212,2024-03-27,cancelado
79816,30048,662,2024-09-18,concluído
80707,82065,1724,2024-03-02,cancelado
13352,69157,832,2024-05-12,cancelado
20811,71384,1052,2024-06-07,cancelado
78240,84131,119,2024-03-22,cancelado
99652,46822,158,2024-08-26,cancelado
88282,81666,1158,2024-02-22,cancelado
39141,96129,444,2024-08-12,pendente
89159,26448,664,2024-01-20,concluído
26839,80777,1243,2024-07-27,cancelado
55262,59232,1843,2024-01-29,cancelado
41555,15795,24,2024-09-15,cancelado
86945,29613,47,2024-02-16,concluído
93571,17929,1320,2024-01-09,cancelado
76703,90,1295,2024-03-19,pendente
23862,37718,710,2024-03-27,concluído
90193,99404,30,2024-03-09,pendente
52325,23966,849,2024-02-20,cancelado
42747,10967,1873,2024-09-14,concluído
44332,60610,353,2024-08-31,pendente
86272,12181,280,2024-01-16,cancelado
79452,48183,251,2024-09-09,concluído
7629,48401,912,2024-09-19,pendente
35077,90185,100,2024-07-19,pendente
98655,41057,199,2024-09-29,concluído
44989,70128,1416,2024-02-08,concluído
51383,11028,772,2024-09-06,cancelado
40164,81681,997,2024-09-16,pendente
58083,83605,973,2024-08-22,pendente
50610,5207,1277,2024-01-19,cancelado
73788,48025,1420,2024-03-11,cancelado
47224,27686,485,2024-01-14,concluído
26537,16292,88,2024-03-09,pendente
24912,11400,646,2024-06-16,pendente
7780,49929,441,2024-04-30,pendente
60729,18081,636,2024-05-11,concluído
18761,33037,352,2024-10-15,pendente
67805,86279,1190,2024-09-24,cancelado
37533,28151,1170,2024-07-18,pendente
97927,88631,236,2024-04-17,cancelado
48571,87956,787,2024-05-05,pendente
69309,74194,1835,2024-04-15,cancelado
4322,23937,1502,2024-04-25,pendente
76012,92537,1554,2024-02-14,concluído
27192,48163,22,2024-05-02,cancelado
64052,76459,975,2024-01-08,concluído
18367,44353,1321,2024-03-17,cancelado
87972,68805,0,2024-08-12,cancelado
98814,18593,924,2024-07-23,cancelado
54823,74813,1096,2024-07-31,pendente
36683,39340,1884,2024-07-07,cancelado
38692,4608,1232,2024-01-23,cancelado
43722,77118,1773,2024-08-27,pendente
45852,15983,728,2024-08-30,concluído
82365,53917,873,2024-08-20,pendente
29648,20781,332,2024-09-20,pendente
74955,49655,1196,2024-01-05,pendente
36396,43073,233,2024-09-14,pendente
96741,82299,293,2024-08-16,pendente
65810,11162,581,2024-01-21,cancelado
59224,16356,75,2024-04-27,pendente
11240,86837,1209,2024-06-03,concluído
1020,57182,1035,2024-02-16,cancelado
57392,52703,1428,2024-09-04,concluído
8966,43073,233,2024-07-17,concluído
23567,4160,1704,2024-05-23,cancelado
80160,90637,1064,2024-06-25,cancelado
65175,16356,76,2024-08-13,concluído
41573,32373,763,2024-01-22,pendente
56207,66616,1911,2024-02-29,pendente
51176,76433,1939,2024-09-27,cancelado
93210,10217,1016,2024-10-11,concluído
19331,42379,1644,2024-08-30,cancelado
78947,42460,113,2024-06-18,pendente
836,78921,1672,2024-03-09,cancelado
92024,6158,1027,2024-10-15,cancelado
87523,10479,1883,2024-02-20,pendente
68952,48725,1899,2024-09-22,cancelado
70783,62907,1362,2024-09-09,concluído
17723,64802,1272,2024-04-28,concluído
55062,4803,598,2024-07-09,pendente
90316,4448,918,2024-08-09,concluído
97597,250,955,2024-01-01,pendente
91089,99125,1877,2024-03-17,concluído
54056,39138,300,2024-02-02,concluído
93435,24602,1785,2024-10-01,pendente
36841,19092,385,2024-03-14,cancelado
93802,86612,1130,2024-09-18,cancelado
66035,25789,1252,2024-01-18,concluído
95219,20613,1845,2024-10-10,cancelado
37831,61139,279,2024-06-12,concluído
6842,40901,1872,2024-05-07,cancelado
73491,73089,825,2024-01-09,concluído
12127,53428,168,2024-04-04,pendente
54426,58101,1476,2024-01-14,pendente
99906,61139,279,2024-06-04,pendente
37049,79291,1297,2024-07-22,pendente
89771,69084,1327,2024-07-22,concluído
14179,99025,55,2024-08-14,pendente
91803,32135,394,2024-06-19,cancelado
12670,2938,643,2024-04-02,pendente
69886,48741,736,2024-06-19,cancelado
88640,28675,1826,2024-06-25,cancelado
70589,44928,137,2024-06-19,cancelado
9384,70197,1861,2024-08-18,pendente
26339,82316,517,2024-10-03,cancelado
91034,26343,1183,2024-10-17,pendente
42239,3660,312,2024-04-11,cancelado
83277,29287,457,2024-03-10,pendente
65831,98502,915,2024-06-10,pendente
6911,19656,204,2024-06-19,cancelado
95197,19233,1700,2024-06-14,concluído
4138,34635,727,2024-09-20,pendente
45804,16263,1792,2024-05-20,cancelado
3404,51075,537,2024-03-26,cancelado
61398,63429,742,2024-09-04,cancelado
17,91369,11,2024-01-11,pendente
79431,48789,175,2024-04-09,cancelado
29441,7842,606,2024-08-04,cancelado
40519,41105,150,2024-10-02,cancelado
52360,8028,232,2024-04-13,pendente
24266,61908,961,2024-01-14,cancelado
35486,41057,199,2024-07-31,pendente
21948,38222,355,2024-10-10,cancelado
12470,13009,896,2024-06-26,pendente
97706,47599,1452,2024-07-30,cancelado
80822,48163,22,2024-08-16,pendente
5246,46682,124,2024-08-13,cancelado
73730,36772,744,2024-02-13,concluído
17827,83754,549,2024-10-08,cancelado
21073,81170,1439,2024-04-22,cancelado
79454,10771,1583,2024-04-18,pendente
19713,9550,262,2024-09-02,cancelado
85783,8824,35,2024-09-10,concluído
65929,86804,1198,2024-07-13,concluído
19681,20163,1457,2024-02-11,concluído
84145,18573,1647,2024-05-02,cancelado
4526,9051,1805,2024-08-02,concluído
67142,95023,639,2024-09-04,pendente
2510,5165,439,2024-04-27,cancelado
23551,9873,26,2024-05-23,pendente
58428,14070,128,2024-01-13,concluído
11836,45521,999,2024-06-06,pendente
53697,45890,1766,2024-08-16,cancelado
28359,59562,1593,2024-02-24,cancelado
25006,61113,805,2024-08-27,cancelado
8744,80628,1936,2024-01-18,pendente
20994,34577,1736,2024-08-28,concluído
29026,22400,1403,2024-01-14,pendente
53306,56198,77,2024-09-24,cancelado
67969,97736,1131,2024-01-09,cancelado
4380,26448,663,2024-07-09,concluído
55451,96129,444,2024-08-09,pendente
89290,49937,1470,2024-02-04,concluído
80606,56148,594,2024-02-29,concluído
106,21984,1696,2024-08-16,cancelado
66855,8276,694,2024-09-03,cancelado
12548,31639,360,2024-06-16,concluído
31434,57159,1427,2024-04-05,cancelado
59353,8339,1300,2024-09-11,concluído
96688,48163,22,2024-05-05,cancelado
13407,51189,417,2024-02-03,cancelado
29162,87861,1925,2024-04-06,cancelado
26299,33856,1043,2024-01-13,pendente
87401,99125,1877,2024-06-22,pendente
55173,13408,93,2024-08-30,concluído
565,44978,69,2024-03-06,pendente
3721,74528,1482,2024-06-14,pendente
15594,30048,662,2024-04-12,concluído
61739,28481,923,2024-04-17,cancelado
13719,4448,918,2024-08-06,cancelado
20177,83465,1106,2024-01-20,cancelado
96374,78609,382,2024-10-05,cancelado
5097,77501,1641,2024-03-02,pendente
97883,47599,1450,2024-01-19,concluído
66264,89635,707,2024-01-16,concluído
68353,18153,431,2024-08-06,concluído
98977,43956,1003,2024-02-23,pendente
33031,23525,1166,2024-01-24,cancelado
94702,53969,675,2024-01-09,concluído
19377,58834,1591,2024-04-13,concluído
82630,76134,1179,2024-02-17,concluído
59796,8028,232,2024-01-07,concluído
90422,48183,251,2024-05-18,cancelado
187,81934,976,2024-05-01,cancelado
41816,69965,461,2024-08-21,concluído
78250,23179,1598,2024-09-27,pendente
95777,11698,956,2024-01-29,pendente
53005,55250,1611,2024-04-26,cancelado
87875,64966,1858,2024-02-16,concluído
25350,97957,1951,2024-07-11,concluído
11978,8698,1116,2024-01-11,pendente
31845,4374,263,2024-02-12,pendente
3935,69977,1213,2024-03-03,concluído
60891,99707,660,2024-02-28,cancelado
93209,47684,1421,2024-01-12,concluído
18331,36772,744,2024-09-07,cancelado
29014,64839,240,2024-01-04,cancelado
86133,70432,393,2024-07-28,concluído
65966,32794,139,2024-03-16,cancelado
21705,80244,407,2024-07-03,concluído
39183,71935,797,2024-05-02,concluído
56686,42379,1644,2024-03-19,cancelado
26227,4705,748,2024-08-19,cancelado
93030,13687,802,2024-09-08,cancelado
70170,43875,1533,2024-02-06,cancelado
81027,53428,168,2024-02-06,cancelado
79416,31625,1216,2024-04-13,pendente
82759,20997,1518,2024-07-28,cancelado
52641,41072,326,2024-05-07,pendente
18819,95664,1719,2024-02-05,concluído
75361,56156,331,2024-04-25,pendente
68684,88749,1048,2024-07-02,pendente
77046,32634,778,2024-06-12,pendente
17874,90185,99,2024-06-20,pendente
49709,51551,368,2024-09-10,concluído
17941,93646,381,2024-05-29,concluído
12526,59040,1758,2024-06-09,pendente
49268,47307,677,2024-01-08,concluído
19160,29613,47,2024-04-03,cancelado
42132,96950,1008,2024-02-05,concluído
80524,82469,1824,2024-03-22,cancelado
92801,89688,1512,2024-03-26,pendente
58013,38920,1506,2024-09-06,pendente
45880,95743,458,2024-02-27,cancelado
19899,40376,1479,2024-08-29,cancelado
80716,70153,349,2024-09-09,concluído
45135,1776,496,2024-08-10,cancelado
5334,74702,1589,2024-01-26,concluído
39217,47599,1450,2024-06-21,pendente
74694,70103,828,2024-03-17,concluído
10378,80312,526,2024-03-31,cancelado
29032,48923,184,2024-07-05,concluído
60387,74528,1482,2024-08-24,pendente
57493,43701,1919,2024-03-24,pendente
98200,74813,1094,2024-10-10,cancelado
43115,80262,1250,2024-03-15,cancelado
82746,48741,735,2024-06-21,concluído
53336,98634,391,2024-05-09,concluído
38936,65192,1712,2024-02-01,cancelado
40703,69977,1213,2024-09-01,concluído
35092,63429,743,2024-03-15,concluído
22862,52861,489,2024-04-04,concluído
94384,80045,652,2024-02-13,pendente
569,26418,561,2024-04-12,pendente
90110,31625,1216,2024-09-08,concluído
51036,2776,361,2024-03-26,cancelado
61463,27810,17,2024-03-18,concluído
46096,27810,17,2024-10-01,pendente
49622,41514,169,2024-07-19,cancelado
36988,95934,1803,2024-08-08,pendente
55450,51986,535,2024-02-26,pendente
33478,82359,98,2024-04-27,concluído
20880,60219,730,2024-07-29,concluído
9335,61988,821,2024-04-07,pendente
32351,46079,1288,2024-09-25,pendente
61879,30511,1677,2024-07-25,concluído
16804,87736,122,2024-05-05,cancelado
32281,4431,411,2024-08-04,cancelado
52202,11028,772,2024-07-04,concluído
8456,80616,685,2024-07-15,pendente
52470,49145,1957,2024-01-04,cancelado
23689,98302,1812,2024-06-01,pendente
78193,73307,135,2024-03-29,concluído
27339,74691,556,2024-04-21,pendente
41750,43261,190,2024-09-11,pendente
26523,78328,1315,2024-04-15,cancelado
16313,76843,222,2024-09-13,pendente
33718,80225,587,2024-07-23,pendente
9819,27570,1525,2024-07-17,concluído
30220,65988,473,2024-02-06,cancelado
1672,19233,1700,2024-03-21,concluído
99343,82474,400,2024-08-23,cancelado
67402,65480,1139,2024-08-31,cancelado
90368,93766,1344,2024-09-07,pendente
50150,10479,1882,2024-02-02,cancelado
53935,49077,384,2024-06-02,cancelado
48374,80187,1914,2024-05-06,cancelado
49816,53979,1918,2024-04-20,concluído
96769,90094,1851,2024-03-15,pendente
25846,98302,1812,2024-03-12,concluído
37137,40255,29,2024-03-18,cancelado
43602,56156,331,2024-06-06,concluído
48584,14862,334,2024-10-13,cancelado
189,1890,130,2024-10-10,concluído
66607,87736,122,2024-06-26,pendente
65318,79735,1950,2024-01-02,concluído
11987,76279,1115,2024-05-21,cancelado
68717,63163,147,2024-01-21,pendente
21569,55210,589,2024-05-19,pendente
68545,78321,308,2024-03-23,pendente
82512,50874,1489,2024-03-24,pendente
95827,9442,649,2024-01-10,pendente
15075,548,314,2024-04-15,cancelado
16943,75294,1580,2024-07-16,concluído
86979,92537,1554,2024-01-26,concluído
33466,25035,1265,2024-06-10,concluído
54760,42660,1800,2024-05-22,cancelado
47196,16263,1791,2024-10-09,pendente
16902,59965,303,2024-04-23,concluído
5191,70195,553,2024-07-06,concluído
82679,51664,1136,2024-10-08,pendente
24559,47684,1421,2024-04-21,concluído
99687,1079,1180,2024-07-17,concluído
59004,57182,1036,2024-04-06,pendente
93367,17726,348,2024-07-04,concluído
36167,73009,573,2024-02-19,cancelado
10822,23183,1227,2024-03-04,cancelado
23548,3155,767,2024-07-21,cancelado
85002,92103,1916,2024-03-26,cancelado
68572,32135,395,2024-09-20,concluído
75987,14300,697,2024-05-13,concluído
80351,34020,256,2024-02-25,cancelado
74115,47129,1619,2024-09-28,cancelado
58598,25581,940,2024-03-09,cancelado
58215,38920,1506,2024-09-13,cancelado
90832,88388,320,2024-10-03,cancelado
2186,13948,1128,2024-05-09,pendente
81774,92851,1910,2024-04-20,pendente
71479,50787,481,2024-05-17,pendente
33895,36406,23,2024-09-23,concluído
57775,1567,346,2024-06-19,concluído
87780,45265,1110,2024-08-03,cancelado
6609,70432,392,2024-08-19,cancelado
3385,94008,319,2024-04-29,pendente
72610,65988,473,2024-01-04,pendente
76919,94888,691,2024-08-06,pendente
13562,43001,760,2024-03-21,cancelado
29002,25664,1142,2024-05-29,cancelado
23248,85843,404,2024-01-26,pendente
15906,65842,315,2024-08-04,cancelado
64491,71992,952,2024-03-07,pendente
92085,71698,7,2024-07-11,concluído
18862,20781,332,2024-07-25,concluído
85951,60219,730,2024-05-31,cancelado
71557,88848,191,2024-01-27,pendente
59527,60895,508,2024-05-02,concluído
57874,75963,356,2024-03-03,pendente
82948,19977,482,2024-07-16,pendente
80368,48741,735,2024-08-24,concluído
93942,6452,1788,2024-05-30,pendente
91875,47599,1452,2024-08-28,cancelado
84978,95146,286,2024-10-15,concluído
6062,34020,256,2024-02-04,concluído
60107,80927,1663,2024-07-18,pendente
18867,43956,1003,2024-10-03,cancelado
69741,88631,236,2024-01-23,cancelado
61566,26869,1488,2024-06-13,concluído
88847,82299,294,2024-05-07,cancelado
76142,66550,1474,2024-03-20,pendente
91461,53066,198,2024-08-07,concluído
23003,96215,616,2024-07-18,pendente
18725,20951,358,2024-06-15,cancelado
26142,91939,1708,2024-07-20,cancelado
19764,60559,1171,2024-04-01,cancelado
38176,53969,675,2024-09-25,cancelado
10329,34384,1735,2024-07-01,pendente
24312,70594,701,2024-05-17,concluído
39673,95315,1538,2024-04-26,concluído
64935,82580,1062,2024-04-15,cancelado
18910,99170,243,2024-09-05,cancelado
52445,36406,23,2024-08-07,cancelado
71248,71992,952,2024-06-04,pendente
14638,42056,566,2024-02-24,concluído
34825,70432,392,2024-05-29,concluído
42542,85923,146,2024-09-02,pendente
38353,16399,1789,2024-01-11,pendente
69419,11542,1168,2024-01-06,pendente
18244,75294,1578,2024-04-28,cancelado
12666,54862,674,2024-06-28,pendente
95107,91032,115,2024-02-28,concluído
18361,50874,1489,2024-01-03,cancelado
75188,60593,752,2024-07-25,concluído
79629,97247,497,2024-07-14,pendente
29327,39890,1125,2024-10-03,pendente
54219,45569,1264,2024-03-31,pendente
91827,22421,1028,2024-06-04,cancelado
14758,8698,1116,2024-09-30,concluído
51396,60434,1224,2024-06-27,concluído
92810,27654,1634,2024-09-17,cancelado
54274,60201,1261,2024-04-05,concluído
59877,98539,816,2024-04-24,concluído
50400,23183,1227,2024-01-02,pendente
36449,99170,244,2024-07-17,concluído
13862,70449,1102,2024-08-31,pendente
18763,41926,1468,2024-06-25,pendente
24865,94896,1308,2024-07-06,cancelado
45660,6158,1027,2024-06-17,cancelado
64697,39613,1520,2024-02-26,cancelado
77759,70103,829,2024-01-17,cancelado
48375,81934,976,2024-05-04,concluído
94448,23622,1254,2024-06-22,pendente
91826,99707,660,2024-02-23,concluído
66603,95146,286,2024-03-24,concluído
46222,48669,791,2024-09-04,cancelado
54647,7910,1737,2024-04-21,cancelado
6094,3869,1186,2024-08-16,pendente
48436,69814,1645,2024-03-15,concluído
50772,80628,1936,2024-07-08,pendente
75889,21646,1431,2024-08-31,concluído
37142,77501,1641,2024-08-27,cancelado
58253,39132,101,2024-03-09,concluído
72420,64081,58,2024-01-05,concluído
28858,87524,1203,2024-04-28,concluído
50825,28480,167,2024-03-04,cancelado
35972,45280,1384,2024-04-30,cancelado
19643,83598,420,2024-03-03,cancelado
19022,18577,16,2024-05-04,cancelado
1170,28894,1207,2024-06-16,concluído
96231,44928,138,2024-10-07,pendente
3211,28263,856,2024-06-06,concluído
70584,48163,22,2024-09-18,cancelado
68227,39637,213,2024-05-20,pendente
64266,98768,969,2024-01-11,cancelado
38435,46902,1802,2024-07-24,pendente
66665,86974,1629,2024-01-12,cancelado
74782,5407,1235,2024-08-02,pendente
28104,12806,212,2024-03-21,cancelado
64759,67520,943,2024-07-16,concluído
1227,54001,747,2024-06-16,pendente
6867,76903,1381,2024-04-05,pendente
16483,51551,367,2024-07-31,pendente
6087,14350,1870,2024-04-27,cancelado
55908,10217,1016,2024-03-26,cancelado
14683,18401,1689,2024-09-04,concluído
66492,76433,1939,2024-03-02,concluído
12135,63732,540,2024-09-03,cancelado
24297,58129,1748,2024-07-29,cancelado
15732,16315,1069,2024-02-20,concluído
7468,20337,117,2024-05-23,pendente
93882,37087,1795,2024-09-28,concluído
73637,51664,1136,2024-06-14,concluído
61607,52496,1728,2024-04-23,pendente
64471,53979,1918,2024-03-07,pendente
7592,36540,627,2024-10-08,pendente
27123,15692,48,2024-08-06,concluído
29071,57805,499,2024-08-07,pendente
88638,64285,554,2024-09-08,pendente
25527,49145,1957,2024-06-27,concluído
31496,10093,246,2024-08-26,pendente
67036,53795,1892,2024-05-16,cancelado
31378,60265,892,2024-06-13,cancelado
39647,71935,796,2024-02-17,pendente
4083,30511,1677,2024-05-15,pendente
4445,296,515,2024-06-06,cancelado
80223,11162,582,2024-03-27,concluído
7006,56681,118,2024-07-08,cancelado
76269,45898,638,2024-04-14,concluído
65650,28772,1282,2024-08-01,cancelado
25300,24365,699,2024-10-09,cancelado
42150,59040,1757,2024-06-13,pendente
6204,22553,504,2024-04-17,cancelado
84023,44221,161,2024-02-28,concluído
89643,91640,1375,2024-08-18,pendente
31511,80645,971,2024-01-06,cancelado
56975,94008,319,2024-06-02,cancelado
23081,8698,1116,2024-06-18,concluído
74314,80628,1937,2024-05-25,concluído
33177,63067,661,2024-06-27,cancelado
65185,54102,987,2024-05-17,cancelado
66028,70432,393,2024-08-19,concluído
57387,12654,45,2024-06-08,concluído
8218,13009,895,2024-07-12,concluído
11116,34397,1161,2024-09-09,pendente
84251,4435,861,2024-02-11,concluído
70442,39114,1692,2024-04-21,concluído
48964,74907,1894,2024-10-15,pendente
72771,10217,1015,2024-06-23,pendente
49097,70128,1417,2024-08-08,concluído
17944,17929,1320,2024-02-03,pendente
71880,67828,929,2024-01-11,cancelado
58910,79078,1956,2024-10-11,concluído
70245,90,1295,2024-09-15,pendente
69301,57159,1427,2024-05-02,pendente
45354,37087,1795,2024-06-11,concluído
6000,93185,655,2024-10-13,cancelado
31269,44978,69,2024-07-19,pendente
91773,62371,164,2024-04-18,concluído
22371,70432,392,2024-09-01,concluído
48866,76903,1381,2024-06-15,cancelado
64326,41506,1301,2024-03-25,cancelado
36578,11362,273,2024-01-04,pendente
49601,80187,1914,2024-04-15,concluído
12540,90314,80,2024-09-20,cancelado
60114,1546,449,2024-03-05,concluído
62878,62614,1393,2024-04-25,cancelado
58589,51406,1077,2024-08-12,concluído
73027,71560,1126,2024-02-22,cancelado
5574,80312,526,2024-05-04,pendente
73993,75294,1578,2024-09-04,concluído
20482,95743,459,2024-03-09,concluído
22476,58523,425,2024-06-25,pendente
42275,16399,1789,2024-09-13,pendente
69194,92103,1916,2024-08-10,concluído
55391,66943,1018,2024-07-06,concluído
2690,76499,1257,2024-08-27,pendente
63751,80045,652,2024-04-09,cancelado
12371,27654,1635,2024-06-02,concluído
11884,23836,1762,2024-07-03,pendente
18397,2369,563,2024-01-04,concluído
55321,63781,1239,2024-04-27,cancelado
83740,68479,453,2024-06-20,concluído
68423,1154,1913,2024-09-22,pendente
56772,83605,973,2024-03-19,cancelado
27187,18081,635,2024-01-27,cancelado
3276,60219,731,2024-09-15,cancelado
92130,29871,92,2024-05-05,concluído
36562,14070,128,2024-07-04,concluído
11966,90782,1353,2024-01-23,pendente
64757,93205,510,2024-08-02,cancelado
27537,18573,1647,2024-02-20,cancelado
97979,63983,1739,2024-02-21,pendente
41225,24602,1786,2024-07-05,concluído
8553,30942,302,2024-06-11,pendente
47810,25789,1253,2024-06-15,pendente
21281,87524,1203,2024-07-04,concluído
85115,74813,1095,2024-03-10,concluído
45153,64966,1857,2024-03-17,concluído
331,19699,784,2024-08-05,pendente
61104,48183,251,2024-06-29,concluído
20889,15795,24,2024-07-04,cancelado
14353,35495,317,2024-09-08,pendente
23279,99241,991,2024-04-27,pendente
80798,90185,99,2024-04-18,cancelado
62089,59555,754,2024-05-17,pendente
9973,80616,685,2024-08-30,pendente
13196,41412,1350,2024-03-21,pendente
53142,98768,969,2024-04-29,pendente
36757,94896,1308,2024-10-07,pendente
19226,53969,675,2024-01-28,cancelado
12834,73924,1804,2024-01-07,cancelado
84004,44869,1415,2024-06-04,concluído
96152,98723,1592,2024-08-23,pendente
62318,57952,1698,2024-09-05,pendente
51975,28675,1826,2024-03-02,cancelado
84074,80312,526,2024-04-25,cancelado
75729,44928,137,2024-04-21,cancelado
93984,50833,1026,2024-04-29,concluído
57774,59562,1593,2024-09-26,concluído
90032,40376,1479,2024-08-14,cancelado
8499,11975,1927,2024-08-29,cancelado
67917,81005,254,2024-01-18,cancelado
79699,70166,1059,2024-03-02,cancelado
17108,76906,1055,2024-05-08,concluído
29009,32733,874,2024-02-07,concluído
60306,44637,1281,2024-01-05,cancelado
59956,21895,1155,2024-04-17,concluído
66735,28675,1826,2024-06-28,pendente
42009,97957,1951,2024-02-21,concluído
73186,72037,1528,2024-06-29,concluído
97503,50103,258,2024-06-19,pendente
10146,76921,1473,2024-07-31,concluído
76480,44221,160,2024-09-24,cancelado
96944,21984,1696,2024-04-14,pendente
89204,21387,422,2024-09-14,pendente
98641,48183,252,2024-09-27,pendente
6750,57159,1427,2024-07-04,cancelado
79903,91357,1118,2024-09-17,cancelado
63725,96735,1357,2024-04-29,cancelado
69361,70864,1968,2024-01-17,cancelado
95078,35217,705,2024-09-27,cancelado
30364,89933,800,2024-03-09,concluído
49541,76843,224,2024-05-29,cancelado
92465,98297,614,2024-05-13,cancelado
24861,79394,1557,2024-06-06,concluído
186,57182,1034,2024-04-26,pendente
70204,86612,1130,2024-02-25,concluído
7052,77818,1865,2024-08-07,pendente
84494,86668,919,2024-09-19,cancelado
6731,28480,166,2024-10-10,concluído
91674,59965,303,2024-09-30,pendente
4425,43261,190,2024-06-11,cancelado
26461,53066,198,2024-07-13,pendente
6432,58626,998,2024-04-13,pendente
58110,50103,258,2024-01-18,pendente
51610,77818,1865,2024-09-12,pendente
16135,16263,1790,2024-01-21,pendente
37493,96282,927,2024-07-10,pendente
27449,60610,354,2024-06-14,cancelado
67271,16399,1789,2024-08-01,concluído
76436,548,314,2024-07-12,pendente
62658,23183,1227,2024-09-06,concluído
38169,90900,1552,2024-01-04,pendente
10358,64901,1543,2024-05-12,cancelado
17434,34397,1161,2024-05-08,pendente
67889,23697,201,2024-01-24,concluído
16171,89672,775,2024-09-24,cancelado
25276,77304,1024,2024-03-27,cancelado
35376,77304,1024,2024-09-21,cancelado
5454,71605,107,2024-07-16,concluído
81655,89635,708,2024-07-30,pendente
4568,72037,1529,2024-07-19,concluído
50795,14350,1871,2024-10-15,cancelado
92282,49748,363,2024-02-02,pendente
49553,85923,146,2024-03-28,pendente
53549,221,934,2024-01-03,concluído
53652,96282,927,2024-05-04,concluído
3870,73009,573,2024-06-07,cancelado
98072,47869,672,2024-09-24,pendente
23827,32794,140,2024-10-04,concluído
8893,48163,22,2024-05-25,cancelado
44608,27185,848,2024-04-15,concluído
43017,38222,355,2024-09-07,concluído
40953,52489,871,2024-04-09,cancelado
37667,63443,1275,2024-03-15,pendente
32452,4513,1291,2024-03-30,concluído
85741,24149,1202,2024-07-08,cancelado
86766,6464,836,2024-06-18,cancelado
93578,50882,1426,2024-10-12,concluído
40672,88968,1935,2024-06-02,cancelado
25621,58523,425,2024-03-02,cancelado
36009,93587,966,2024-03-18,pendente
57816,22052,1193,2024-07-07,cancelado
93643,25252,1880,2024-01-11,pendente
31839,25035,1265,2024-01-31,pendente
80089,48224,1954,2024-03-29,cancelado
27412,69243,833,2024-03-05,pendente
7955,37718,711,2024-05-05,cancelado
2784,81666,1158,2024-07-29,pendente
48148,79056,1373,2024-09-20,pendente
83572,63983,1740,2024-09-08,concluído
36543,15810,560,2024-09-06,pendente
25392,34289,475,2024-05-15,concluído
58972,82469,1825,2024-05-11,pendente
22456,96644,1444,2024-03-29,pendente
44767,74708,1855,2024-10-17,cancelado
10703,40167,601,2024-02-25,cancelado
58274,73089,824,2024-08-23,pendente
18300,64389,1268,2024-06-11,pendente
18581,16404,569,2024-02-05,concluído
30621,54206,602,2024-02-10,cancelado
22014,51360,1057,2024-10-03,pendente
1960,45280,1384,2024-04-21,concluído
77371,4513,1290,2024-10-16,cancelado
85239,52489,871,2024-01-03,pendente
81288,8276,692,2024-01-07,pendente
58618,91032,115,2024-05-05,cancelado
46516,18577,15,2024-02-10,concluído
58001,16417,369,2024-04-24,concluído
67429,96963,424,2024-02-23,pendente
89651,67828,929,2024-06-21,cancelado
25997,51186,687,2024-07-20,concluído
96436,28481,923,2024-02-04,pendente
96099,11264,1465,2024-04-15,pendente
74651,31621,1604,2024-10-02,pendente
40190,16315,1069,2024-05-21,pendente
86753,94008,319,2024-08-14,pendente
62365,41072,326,2024-09-28,cancelado
76940,88388,320,2024-01-16,concluído
86633,49653,722,2024-04-18,cancelado
29897,11542,1168,2024-02-12,pendente
62395,69102,1511,2024-07-11,concluído
17563,41105,151,2024-05-29,pendente
81120,83982,145,2024-04-13,concluído
93390,24752,1098,2024-01-24,cancelado
86591,50659,571,2024-01-27,cancelado
72678,91369,11,2024-02-19,cancelado
46534,31904,442,2024-04-30,cancelado
5017,88617,327,2024-07-30,pendente
42264,65091,902,2024-01-22,concluído
46544,86189,409,2024-09-04,cancelado
33527,47129,1618,2024-05-02,concluído
62144,27810,17,2024-07-10,cancelado
2135,67520,943,2024-01-03,concluído
78761,97957,1953,2024-03-04,concluído
80039,221,934,2024-10-09,cancelado
10618,22056,1446,2024-04-21,concluído
26350,23966,849,2024-10-11,concluído
5256,60610,354,2024-04-13,cancelado
14730,90037,1383,2024-08-16,cancelado
83937,29287,457,2024-06-21,concluído
28951,86189,410,2024-02-05,pendente
77008,44928,137,2024-01-01,concluído
65155,14862,334,2024-10-10,cancelado
47883,26448,663,2024-03-04,concluído
34962,22056,1446,2024-04-16,cancelado
34308,82399,1575,2024-06-08,concluído
64600,88631,236,2024-10-12,cancelado
40951,80225,587,2024-03-19,pendente
23191,66022,87,2024-04-30,cancelado
12748,70689,656,2024-09-24,concluído
13335,86808,18,2024-09-23,cancelado
54738,82474,400,2024-09-28,concluído
79521,56861,768,2024-02-17,cancelado
71105,34291,957,2024-10-06,cancelado
63003,90026,1348,2024-04-03,cancelado
99932,51267,1896,2024-06-22,concluído
28901,82954,250,2024-01-22,cancelado
85852,5892,61,2024-01-29,pendente
79646,61113,804,2024-02-12,cancelado
71914,73301,185,2024-01-14,concluído
33585,11400,648,2024-10-11,concluído
32255,69965,461,2024-02-04,concluído
17268,29025,1837,2024-06-16,pendente
36996,74702,1589,2024-08-22,pendente
50003,51115,528,2024-04-30,pendente
1700,75297,792,2024-10-06,pendente
80542,33163,267,2024-03-04,cancelado
74183,58129,1748,2024-04-30,pendente
75788,74718,588,2024-01-07,concluído
80166,27810,17,2024-09-01,concluído
39564,93185,653,2024-08-10,cancelado
90875,80262,1251,2024-04-24,cancelado
46371,66616,1912,2024-09-15,concluído
66683,60834,543,2024-03-19,cancelado
64259,40167,601,2024-02-13,concluído
61449,64285,555,2024-09-26,cancelado
402,59728,1162,2024-07-26,cancelado
9941,54102,986,2024-02-23,concluído
56233,94896,1308,2024-01-11,cancelado
72716,36217,305,2024-06-19,cancelado
34659,1141,1653,2024-01-04,pendente
49286,76903,1381,2024-02-15,concluído
10833,83221,390,2024-10-08,cancelado
83270,81666,1158,2024-02-03,pendente
6798,15692,48,2024-02-24,cancelado
66957,6709,1660,2024-07-17,concluído
5012,61925,1382,2024-06-30,pendente
61044,63022,1369,2024-06-22,concluído
22920,45829,1424,2024-08-02,pendente
95747,3546,502,2024-05-21,pendente
4687,68311,1172,2024-02-27,cancelado
42378,45476,1132,2024-08-03,concluído
80510,56198,78,2024-10-03,concluído
45442,48725,1899,2024-03-26,cancelado
85357,46822,158,2024-03-18,pendente
71036,1890,131,2024-07-30,pendente
80691,39637,214,2024-02-05,concluído
93431,17651,1679,2024-01-18,concluído
59214,14545,1777,2024-09-27,pendente
99252,8698,1117,2024-09-02,cancelado
45823,98768,969,2024-02-12,concluído
10832,45668,1463,2024-04-22,concluído
50289,77501,1641,2024-01-17,pendente
63680,82954,250,2024-07-28,cancelado
14171,71935,797,2024-08-05,cancelado
11246,94673,90,2024-10-05,cancelado
28893,93041,533,2024-10-16,concluído
84997,60335,1658,2024-10-16,concluído
99771,70543,911,2024-02-10,cancelado
26889,36859,1032,2024-10-12,pendente
14796,69814,1645,2024-03-03,pendente
81537,11542,1168,2024-09-01,concluído
78885,70858,1343,2024-09-12,pendente
91228,16463,1123,2024-01-01,concluído
23637,4608,1232,2024-04-29,cancelado
53195,53344,1923,2024-08-02,pendente
52539,46822,159,2024-08-30,concluído
39182,73307,135,2024-07-08,pendente
98443,18153,433,2024-01-23,pendente
5607,19999,1585,2024-02-26,cancelado
6300,73811,1021,2024-06-17,pendente
51515,20337,117,2024-03-22,pendente
20708,48741,736,2024-09-26,pendente
15739,87343,1368,2024-08-11,pendente
24038,21111,1046,2024-08-01,cancelado
46861,9834,13,2024-02-17,cancelado
23887,95339,1617,2024-10-04,cancelado
7868,39132,102,2024-03-13,cancelado
30567,70166,1059,2024-01-18,concluído
22702,50833,1026,2024-04-07,pendente
56885,2428,591,2024-01-28,cancelado
28198,54201,1624,2024-05-29,cancelado
18928,66248,1797,2024-06-04,pendente
17411,69102,1509,2024-04-08,pendente
46418,63614,839,2024-08-15,cancelado
38915,27570,1524,2024-04-29,cancelado
72364,46079,1287,2024-10-08,concluído
18635,89635,707,2024-01-17,concluído
91117,29025,1837,2024-06-30,concluído
8085,35932,1716,2024-02-27,pendente
66073,79056,1373,2024-04-02,cancelado
22034,72017,338,2024-04-07,pendente
17939,30040,330,2024-05-23,concluído
9324,51267,1896,2024-08-12,cancelado
5979,11704,351,2024-02-04,pendente
24270,27810,17,2024-07-25,pendente
94892,43018,551,2024-08-14,concluído
20869,26856,1675,2024-08-16,cancelado
9257,28151,1170,2024-10-03,concluído
60124,87909,669,2024-08-17,cancelado
64234,1154,1913,2024-01-23,pendente
77931,18153,431,2024-10-17,pendente
73456,10093,247,2024-01-25,cancelado
66293,76903,1381,2024-09-11,cancelado
87686,2369,563,2024-03-15,cancelado
53199,92309,376,2024-08-13,pendente
38781,87956,786,2024-01-01,cancelado
47157,61925,1382,2024-06-15,concluído
53922,45733,1763,2024-01-01,pendente
88751,21143,1650,2024-05-06,cancelado
73601,60265,891,2024-01-04,concluído
97174,10967,1874,2024-05-21,pendente
8153,8631,1443,2024-07-03,cancelado
45772,40555,471,2024-02-10,cancelado
17203,94888,691,2024-02-29,concluído
56672,48789,174,2024-03-02,pendente
74294,60434,1224,2024-04-21,cancelado
82368,93646,381,2024-06-30,cancelado
45512,78857,1456,2024-04-10,cancelado
84246,36406,23,2024-06-05,concluído
98587,17929,1320,2024-07-08,concluído
98653,69965,462,2024-01-18,pendente
95662,53814,1364,2024-03-04,cancelado
73443,40555,470,2024-04-30,concluído
66336,4257,681,2024-04-09,cancelado
98023,45898,637,2024-07-21,concluído
91414,66943,1019,2024-08-28,pendente
99322,15619,1453,2024-09-01,cancelado
73795,65480,1139,2024-02-20,pendente
76568,88393,1486,2024-07-06,cancelado
19666,93525,21,2024-06-23,pendente
53619,80045,652,2024-01-02,concluído
13340,74528,1482,2024-10-12,cancelado
13803,81894,271,2024-03-04,cancelado
60416,80086,1545,2024-07-12,concluído
40149,77304,1023,2024-06-13,cancelado
16152,73403,1484,2024-09-18,pendente
28381,97736,1131,2024-01-11,pendente
98870,2255,1194,2024-05-07,concluído
33293,14838,851,2024-05-13,concluído
9718,52467,172,2024-08-12,pendente
70794,57182,1035,2024-08-10,pendente
96370,16315,1067,2024-02-16,pendente
69954,4513,1289,2024-07-25,pendente
75338,93766,1344,2024-08-31,pendente
51253,23905,1566,2024-02-23,pendente
75816,95934,1803,2024-07-17,cancelado
73253,34384,1733,2024-09-24,pendente
36827,90185,100,2024-08-14,concluído
82707,77882,374,2024-05-23,pendente
15407,64407,388,2024-05-30,pendente
40777,56106,1814,2024-06-11,pendente
29406,79514,372,2024-09-27,cancelado
32017,45611,1283,2024-08-03,cancelado
81978,16263,1792,2024-06-08,pendente
65077,11162,582,2024-06-27,cancelado
67567,43001,761,2024-06-14,pendente
90413,60610,354,2024-07-23,cancelado
95563,76433,1939,2024-07-08,cancelado
60757,85843,406,2024-06-07,concluído
14842,93871,1531,2024-01-17,cancelado
21483,13948,1128,2024-06-01,pendente
85839,44978,69,2024-10-06,cancelado
93640,81524,1366,2024-02-13,concluído
20021,11358,1633,2024-09-17,pendente
5428,76777,209,2024-02-02,concluído
46141,76903,1381,2024-04-05,pendente
78570,38624,335,2024-01-12,concluído
41668,47573,1713,2024-07-30,concluído
66994,22421,1028,2024-09-18,cancelado
83176,37087,1795,2024-02-05,concluído
99725,16404,568,2024-07-10,cancelado
76248,78321,307,2024-01-22,concluído
84399,89755,472,2024-06-29,concluído
61436,71605,106,2024-08-23,pendente
43253,90900,1553,2024-06-17,cancelado
16946,48758,785,2024-08-08,pendente
55558,43875,1533,2024-06-28,cancelado
67948,82954,250,2024-10-05,concluído
91791,80045,651,2024-10-02,cancelado
45888,11400,646,2024-04-05,pendente
4317,18385,295,2024-03-10,concluído
91995,19167,1537,2024-07-08,pendente
34850,70195,553,2024-07-01,cancelado
22759,4435,862,2024-01-28,cancelado
78993,90519,965,2024-03-10,pendente
78291,85675,230,2024-05-12,concluído
68635,98302,1811,2024-07-11,pendente
75663,53795,1892,2024-08-17,concluído
27837,62977,1662,2024-03-12,cancelado
3340,60593,752,2024-03-05,concluído
57268,56681,118,2024-05-21,pendente
57614,51406,1077,2024-09-02,concluído
83446,12739,1561,2024-03-31,concluído
3887,11400,648,2024-10-01,pendente
92837,70858,1341,2024-02-19,pendente
48348,51360,1058,2024-05-03,concluído
85491,59562,1593,2024-03-28,pendente
32564,28354,203,2024-05-13,cancelado
98752,33037,352,2024-03-05,pendente
59603,51075,537,2024-03-26,concluído
99033,24365,699,2024-01-22,cancelado
21502,13009,896,2024-03-15,cancelado
2407,51986,535,2024-06-03,cancelado
16549,91683,944,2024-09-26,cancelado
72606,26343,1183,2024-01-25,pendente
43609,36003,547,2024-07-16,concluído
95951,35867,1959,2024-04-03,pendente
11878,69243,835,2024-07-16,concluído
64943,75294,1579,2024-08-26,cancelado
48359,91385,56,2024-03-01,cancelado
39121,8930,437,2024-08-25,concluído
41679,74907,1893,2024-01-20,cancelado
3962,28180,38,2024-09-11,pendente
73113,34577,1736,2024-01-08,pendente
81031,40555,471,2024-03-06,concluído
17825,34291,958,2024-02-09,cancelado
95624,15810,560,2024-06-28,pendente
85212,34020,256,2024-02-26,concluído
44509,1098,1779,2024-05-08,pendente
14389,8280,452,2024-02-25,concluído
61993,59766,1385,2024-04-15,concluído
58689,98634,391,2024-07-30,pendente
54486,46902,1802,2024-07-30,pendente
64166,45668,1463,2024-04-28,concluído
93751,19964,1522,2024-07-27,concluído
55938,48183,252,2024-01-13,cancelado
57448,81934,977,2024-03-25,pendente
25672,27654,1634,2024-10-10,cancelado
27685,14350,1870,2024-05-09,pendente
80370,46093,559,2024-07-01,pendente
16690,14070,128,2024-10-15,cancelado
87627,74435,1751,2024-05-20,concluído
5941,34070,1966,2024-04-04,pendente
92934,45829,1424,2024-10-13,pendente
72714,51664,1135,2024-07-08,cancelado
81612,78321,309,2024-02-23,pendente
97943,54755,6,2024-10-03,cancelado
83438,47307,676,2024-01-08,pendente
40497,76777,209,2024-06-01,cancelado
204,55640,1089,2024-07-04,concluído
98487,11358,1632,2024-08-27,cancelado
34554,6452,1788,2024-06-30,concluído
82567,30511,1676,2024-02-05,concluído
96458,60265,892,2024-07-15,cancelado
75012,81681,996,2024-01-18,cancelado
94420,46902,1802,2024-06-17,pendente
9498,60219,730,2024-06-17,concluído
63979,22318,1389,2024-09-01,pendente
50417,91032,115,2024-05-19,concluído
29066,67827,900,2024-09-27,pendente
92675,36406,23,2024-08-18,pendente
79117,51406,1077,2024-06-30,cancelado
12586,52467,172,2024-06-03,concluído
17280,20019,1033,2024-01-21,concluído
81925,97363,1693,2024-08-01,cancelado
67150,78321,307,2024-01-01,cancelado
31373,85923,146,2024-09-08,pendente
97265,50103,258,2024-01-18,cancelado
9360,83598,421,2024-07-23,pendente
51918,22937,1721,2024-04-23,pendente
54951,81894,270,2024-05-30,concluído
42886,88631,236,2024-01-29,pendente
29995,70166,1059,2024-09-24,cancelado
70774,87676,1093,2024-09-12,cancelado
97876,64285,554,2024-04-18,concluído
97608,87343,1368,2024-06-06,pendente
73342,20337,117,2024-09-03,cancelado
69585,31639,360,2024-09-21,cancelado
68830,31154,1181,2024-04-15,pendente
34751,58834,1591,2024-05-02,cancelado
24797,34715,1813,2024-03-26,cancelado
65903,99695,818,2024-08-16,pendente
87631,36406,23,2024-02-21,cancelado
83491,22345,337,2024-08-18,cancelado
40967,63067,661,2024-01-21,concluído
62049,82954,249,2024-07-27,pendente
75112,58113,1928,2024-10-03,pendente
12210,12739,1561,2024-06-12,concluído
69087,23622,1254,2024-07-04,concluído
50680,62907,1362,2024-06-19,cancelado
3197,62977,1662,2024-02-04,concluído
42679,28054,1867,2024-02-05,concluído
40015,11704,351,2024-01-21,pendente
14597,35495,318,2024-08-20,cancelado
52409,69909,1623,2024-08-07,pendente
25275,53329,1876,2024-07-24,pendente
51370,66746,1718,2024-08-05,pendente
59461,26818,416,2024-01-13,pendente
69706,8631,1441,2024-03-19,cancelado
96580,76279,1115,2024-09-22,pendente
53382,34289,476,2024-10-11,concluído
78969,64081,58,2024-02-17,pendente
74148,11542,1169,2024-07-16,cancelado
63854,22755,523,2024-06-11,concluído
45796,39811,1688,2024-03-21,concluído
82003,97849,1279,2024-05-16,pendente
86981,57805,498,2024-08-30,cancelado
49499,48185,645,2024-04-17,concluído
87057,1079,1180,2024-07-25,concluído
47380,74590,770,2024-06-20,pendente
34822,94888,690,2024-05-22,pendente
3486,76564,595,2024-06-06,cancelado
99565,80086,1546,2024-02-09,concluído
78288,12455,1844,2024-05-19,cancelado
61012,19699,784,2024-01-16,cancelado
8133,34635,727,2024-01-20,concluído
48850,5143,575,2024-01-03,cancelado
33676,59040,1759,2024-03-03,pendente
12381,54755,4,2024-06-19,pendente
43533,8571,108,2024-07-01,pendente
55181,85923,146,2024-10-14,pendente
24546,33163,267,2024-05-23,cancelado
78784,11017,1236,2024-08-11,pendente
42484,296,516,2024-10-16,cancelado
38880,76921,1473,2024-03-17,pendente
60235,48401,913,2024-03-20,cancelado
38384,73425,880,2024-02-22,concluído
99519,67069,612,2024-07-05,concluído
39449,8698,1117,2024-04-07,pendente
3249,2488,1140,2024-07-02,concluído
66381,21984,1696,2024-01-19,pendente
4525,43018,551,2024-01-03,concluído
22868,73089,825,2024-02-04,pendente
1490,69243,833,2024-09-28,concluído
42300,92020,180,2024-05-18,cancelado
28191,31154,1181,2024-07-19,concluído
55377,74590,770,2024-05-16,cancelado
23092,9442,649,2024-09-21,concluído
87025,98302,1812,2024-10-13,concluído
34369,29025,1837,2024-02-25,pendente
1246,59045,451,2024-03-07,concluído
14287,89933,800,2024-03-03,pendente
85680,8631,1442,2024-09-25,concluído
53912,79339,1230,2024-07-04,concluído
74652,17726,348,2024-04-13,pendente
9752,64901,1542,2024-08-17,concluído
99263,60434,1224,2024-06-02,cancelado
64859,57187,447,2024-05-28,concluído
88488,10967,1873,2024-04-15,pendente
10998,14350,1870,2024-05-21,pendente
59368,74640,1394,2024-04-04,pendente
8450,21691,844,2024-06-22,concluído
39538,71057,1070,2024-01-12,concluído
39703,45668,1463,2024-08-04,pendente
64807,81681,995,2024-05-09,concluído
9115,73301,186,2024-07-31,cancelado
12350,56675,1606,2024-01-07,cancelado
48046,77304,1023,2024-10-11,concluído
52898,60834,541,2024-07-26,cancelado
53,90094,1851,2024-08-29,concluído
32379,2428,592,2024-05-24,cancelado
51395,61113,804,2024-02-04,cancelado
87810,221,935,2024-08-31,pendente
90041,81873,403,2024-05-07,cancelado
15933,45521,1000,2024-07-26,concluído
96652,5165,439,2024-10-09,concluído
34788,71560,1126,2024-02-02,pendente
1362,67268,65,2024-07-09,concluído
5357,40167,601,2024-04-02,concluído
82121,89933,800,2024-03-03,concluído
60260,4608,1232,2024-07-30,pendente
55006,14300,697,2024-02-07,concluído
5085,548,313,2024-03-04,cancelado
44834,83848,154,2024-05-30,concluído
52178,20163,1457,2024-05-26,cancelado
7302,73301,187,2024-06-13,cancelado
69007,38534,1447,2024-07-09,concluído
60924,74434,884,2024-09-21,concluído
67301,72140,235,2024-07-23,pendente
13301,76433,1939,2024-04-22,concluído
72996,9873,25,2024-04-19,cancelado
62298,35796,57,2024-04-05,cancelado
72921,40297,1686,2024-08-17,pendente
92718,44221,161,2024-06-07,pendente
53414,51664,1135,2024-10-11,pendente
78441,8698,1117,2024-10-17,cancelado
23046,80840,757,2024-03-21,cancelado
70428,3660,312,2024-07-27,pendente
81529,32135,394,2024-10-13,pendente
32824,23525,1167,2024-08-16,pendente
1705,51009,73,2024-04-06,pendente
15080,80927,1663,2024-07-31,concluído
92140,65091,902,2024-09-22,pendente
61698,65480,1139,2024-06-20,pendente
62903,78857,1456,2024-02-24,cancelado
3189,47366,843,2024-08-29,cancelado
37072,67828,929,2024-05-24,concluído
40443,48185,645,2024-09-28,pendente
95990,80840,757,2024-04-10,concluído
8946,96963,424,2024-04-05,pendente
36573,97363,1693,2024-09-06,cancelado
59546,34289,477,2024-09-15,pendente
69107,82316,519,2024-01-13,concluído
74637,58310,1841,2024-05-07,pendente
9698,17726,348,2024-08-08,pendente
57560,66746,1718,2024-06-07,concluído
91509,34291,958,2024-09-03,cancelado
73803,61139,279,2024-01-11,cancelado
28287,37833,1219,2024-08-02,pendente
29325,27391,1311,2024-06-28,concluído
21856,59562,1593,2024-09-29,concluído
18990,37704,1869,2024-09-04,cancelado
9792,33799,1333,2024-10-09,concluído
63995,22056,1446,2024-09-02,concluído
67753,20019,1033,2024-08-02,concluído
27598,47684,1421,2024-07-16,pendente
48616,82431,545,2024-06-06,pendente
92014,14679,1960,2024-04-07,concluído
68267,74590,770,2024-04-01,concluído
22894,19167,1537,2024-01-11,pendente
6348,6904,1830,2024-06-19,cancelado
36705,46555,227,2024-09-15,concluído
44868,63052,866,2024-03-22,cancelado
35639,71195,430,2024-07-09,concluído
2005,86189,409,2024-08-06,cancelado
71365,10140,1211,2024-01-12,pendente
15942,50045,985,2024-04-18,concluído
71397,39473,1517,2024-07-06,concluído
51693,4435,861,2024-08-28,cancelado
61557,44869,1414,2024-08-24,pendente
66387,250,954,2024-03-28,cancelado
9093,8698,1117,2024-07-20,pendente
44717,16263,1792,2024-05-20,pendente
76599,64802,1273,2024-09-08,cancelado
18612,66248,1797,2024-02-04,cancelado
17101,26074,990,2024-09-22,cancelado
31796,33163,267,2024-09-26,concluído
56545,95339,1617,2024-07-21,pendente
79723,47129,1619,2024-03-16,concluído
59878,18573,1648,2024-08-17,pendente
15258,58834,1590,2024-01-23,concluído
70804,61925,1382,2024-06-06,pendente
45849,82299,293,2024-04-01,pendente
8891,30040,329,2024-01-26,cancelado
94126,85372,1496,2024-03-03,cancelado
87760,95146,286,2024-01-11,cancelado
8209,27654,1635,2024-05-01,cancelado
62996,61048,1519,2024-06-17,pendente
78866,26856,1674,2024-01-18,cancelado
48003,10140,1212,2024-10-10,cancelado
48167,40182,1119,2024-03-04,concluído
